system,E_cls_elec,E_mod_pauli,E_disp,E_frz,E_pol,E_vct,E_int
frame0000,0.7170,11.6781,-8.7248,3.6703,-4.4128,-6.2697,-7.0122
frame0001,3.8485,7.8479,-7.7404,3.9561,-3.5435,-5.1984,-4.7858
frame0002,4.7009,5.3570,-6.3105,3.7473,-3.5209,-4.8345,-4.6080
frame0003,2.9228,7.4063,-6.1567,4.1725,-4.1480,-5.1125,-5.0881
frame0004,8.9535,1.4458,-3.4507,6.9487,-3.4196,-2.9282,0.6008
frame0005,4.9806,2.9012,-4.4100,3.4719,-2.9559,-3.4573,-2.9413
frame0006,2.9739,10.6683,-8.0030,5.6392,-3.3696,-5.6988,-3.4293
frame0007,2.3256,6.9273,-7.3616,1.8913,-2.8240,-4.9317,-5.8644
frame0008,2.7004,6.7675,-6.7058,2.7621,-3.0080,-5.0383,-5.2842
frame0009,3.4019,4.9196,-5.3103,3.0111,-3.5209,-4.6474,-5.1571
frame0010,1.1639,7.1519,-6.5497,1.7661,-3.4630,-5.1755,-6.8724
frame0011,2.7284,8.4715,-7.3094,3.8905,-4.0477,-5.7688,-5.9260
frame0012,3.1066,7.4481,-6.6563,3.8984,-3.5531,-4.7674,-4.4220
frame0013,2.9892,7.5566,-6.7826,3.7632,-3.8027,-4.8488,-4.8883
frame0014,2.6332,5.7802,-6.3355,2.0779,-3.8055,-4.9559,-6.6834
frame0015,1.6666,10.0438,-8.0735,3.6369,-2.9849,-5.4452,-4.7932
frame0016,0.7863,4.4657,-5.9800,-0.7281,-2.7327,-4.2137,-7.6745
frame0017,-3.1374,12.7805,-8.7781,0.8649,-2.3040,-5.7528,-7.1919
frame0018,0.3465,4.4016,-6.0167,-1.2685,-2.4798,-4.2657,-8.0141
frame0019,3.0934,6.8014,-7.2309,2.6639,-2.5082,-4.9541,-4.7983
frame0020,2.9914,6.8802,-6.8171,3.0545,-2.5513,-5.0434,-4.5402
frame0021,2.0365,4.7601,-6.0045,0.7921,-2.7130,-3.8161,-5.7370
frame0022,2.9388,5.0537,-5.8384,2.1541,-2.5082,-4.0134,-4.3675
frame0023,0.4347,9.3696,-7.6001,2.2042,-3.4638,-5.2629,-6.5225
frame0024,0.0153,12.4936,-9.0136,3.4953,-4.6016,-6.6970,-7.8033
frame0025,2.5445,9.4840,-7.5478,4.4807,-4.5142,-5.8621,-5.8956
frame0026,4.2659,6.6069,-7.2073,3.6654,-3.1882,-4.6500,-4.1728
frame0027,2.7018,4.4689,-6.6994,0.4712,-2.8869,-4.5906,-7.0062
frame0028,-0.4852,10.7152,-9.1539,1.0761,-4.1543,-7.3747,-10.4528
frame0029,0.0891,7.3392,-7.2136,0.2147,-3.5796,-5.4156,-8.7806
frame0030,1.0606,8.1712,-6.9248,2.3071,-3.2011,-4.8927,-5.7867
frame0031,2.6059,4.4452,-4.9572,2.0939,-3.1062,-4.0749,-5.0871
frame0032,3.7207,5.0399,-5.1252,3.6354,-3.0652,-4.2265,-3.6563
frame0033,0.0114,6.4387,-6.1888,0.2613,-3.3248,-5.3103,-8.3737
frame0034,2.2795,10.5940,-8.2002,4.6733,-4.8050,-6.6674,-6.7990
frame0035,1.0607,5.4767,-6.8835,-0.3461,-3.1381,-5.6266,-9.1108
frame0036,3.2695,4.5107,-5.7756,2.0046,-2.0020,-3.7582,-3.7557
frame0037,3.5335,3.0378,-5.1220,1.4492,-1.9922,-2.9148,-3.4578
frame0038,3.9257,3.6815,-5.5622,2.0450,-2.6653,-3.7000,-4.3203
frame0039,3.9216,4.3272,-5.6059,2.6429,-2.6258,-3.8324,-3.8152
frame0040,1.4369,5.9044,-6.5911,0.7502,-3.4316,-4.3031,-6.9845
frame0041,-4.7955,24.3302,-12.7319,6.8027,-5.0760,-9.6882,-7.9614
frame0042,0.8395,8.6544,-8.6161,0.8777,-2.9404,-5.8515,-7.9142
frame0043,1.8679,6.0512,-7.3880,0.5311,-3.3763,-5.2421,-8.0874
frame0044,2.3543,5.7000,-7.5211,0.5331,-3.1692,-4.8543,-7.4903
frame0045,0.1910,12.9573,-9.9013,3.2469,-4.6935,-6.6548,-8.1015
frame0046,-0.7138,7.6124,-8.1191,-1.2205,-2.9877,-5.7221,-9.9302
frame0047,1.2600,6.9004,-7.5275,0.6329,-3.2714,-5.3915,-8.0300
frame0048,3.4552,6.3393,-7.3412,2.4534,-6.1317,-5.5588,-9.2370
frame0049,1.0808,10.6152,-9.2702,2.4258,-3.9671,-6.1874,-7.7286
frame0050,4.9963,4.5658,-6.5369,3.0252,-3.3089,-4.1404,-4.4242
frame0051,2.9585,7.4973,-7.6576,2.7983,-3.7170,-5.2518,-6.1706
frame0052,1.8500,8.2127,-8.0421,2.0206,-4.1676,-5.5709,-7.7179
frame0053,-0.9979,6.4553,-7.0662,-1.6087,-3.1105,-5.4361,-10.1553
frame0054,-0.2735,11.8976,-9.6176,2.0065,-3.5656,-7.0298,-8.5889
frame0055,-3.7996,21.3671,-12.7827,4.7848,-3.9514,-8.4811,-7.6476
frame0056,0.3555,11.8846,-9.5035,2.7365,-3.2309,-6.2988,-6.7931
frame0057,1.4980,7.9170,-8.2419,1.1731,-3.3028,-5.6599,-7.7895
frame0058,0.4014,9.4643,-8.7256,1.1401,-3.1181,-5.3725,-7.3505
frame0059,1.4066,7.7298,-7.5444,1.5921,-2.5270,-5.2820,-6.2170
frame0060,0.5599,8.6631,-8.0456,1.1774,-3.2894,-5.8451,-7.9572
frame0061,1.5970,8.2745,-7.4183,2.4532,-3.7448,-5.2484,-6.5400
frame0062,2.3226,11.6618,-8.6794,5.3051,-4.5636,-6.2686,-5.5271
frame0063,2.8380,8.2478,-7.4698,3.6160,-4.1762,-5.3677,-5.9279
frame0064,1.2940,4.6128,-5.5739,0.3329,-2.9041,-4.3852,-6.9565
frame0065,5.2688,3.0458,-4.7675,3.5471,-3.0306,-3.6698,-3.1533
frame0066,4.5010,5.5479,-6.5541,3.4947,-3.3720,-4.9095,-4.7867
frame0067,5.5641,6.4555,-7.3203,4.6993,-3.1068,-5.0297,-3.4372
frame0068,6.8615,3.3326,-5.6408,4.5533,-2.9091,-3.9091,-2.2649
frame0069,7.1834,3.7641,-5.9128,5.0348,-3.0392,-3.4883,-1.4927
frame0070,5.6994,2.7318,-5.0716,3.3596,-2.4172,-3.0702,-2.1278
frame0071,5.2630,4.8913,-5.2013,4.9530,-4.0811,-4.2206,-3.3487
frame0072,2.7558,3.3354,-5.2177,0.8735,-2.5013,-3.4372,-5.0650
frame0073,-0.5329,12.6862,-9.5383,2.6150,-2.9591,-5.4181,-5.7622
frame0074,0.8715,10.5231,-8.9325,2.4621,-3.1618,-5.5016,-6.2012
frame0075,0.5470,8.1189,-8.1559,0.5099,-3.3967,-6.1576,-9.0444
frame0076,1.3772,6.1420,-7.1117,0.4074,-3.0732,-4.7815,-7.4473
frame0077,5.0960,7.8653,-7.5012,5.4602,-4.3208,-5.2617,-4.1224
frame0078,3.3702,4.1219,-5.8735,1.6185,-2.3546,-3.6486,-4.3847
frame0079,5.6891,5.1052,-6.2661,4.5283,-3.2355,-4.3048,-3.0120
frame0080,5.5555,5.2464,-5.5293,5.2726,-3.8990,-4.4324,-3.0588
frame0081,5.1984,2.5724,-4.4922,3.2787,-3.0392,-3.4340,-3.1946
frame0082,4.6578,6.4031,-7.1097,3.9512,-2.9270,-4.4387,-3.4145
frame0083,1.3885,9.7515,-8.4140,2.7259,-3.2796,-5.3621,-5.9158
frame0084,2.7582,9.7044,-8.5111,3.9515,-4.1548,-6.5527,-6.7561
frame0085,2.3399,10.5231,-8.7966,4.0665,-4.4707,-6.3556,-6.7598
frame0086,2.6201,6.6761,-7.5152,1.7809,-3.0627,-5.0576,-6.3393
frame0087,-0.1481,9.7083,-7.9742,1.5861,-1.9882,-4.6404,-5.0425
frame0088,2.6053,5.8644,-6.8723,1.5974,-2.9053,-5.0707,-6.3786
frame0089,4.8979,4.4275,-5.9538,3.3716,-3.3860,-4.5382,-4.5526
frame0090,3.8318,7.3621,-6.8161,4.3778,-3.6813,-4.6080,-3.9115
frame0091,3.9735,9.6126,-8.0665,5.5197,-3.3434,-4.7077,-2.5314
frame0092,3.4792,8.3749,-7.1395,4.7146,-3.5249,-4.6072,-3.4174
frame0093,4.3477,7.2024,-6.8725,4.6775,-4.2115,-5.2884,-4.8224
frame0094,2.3139,11.9185,-8.9187,5.3137,-4.9908,-7.2031,-6.8802
frame0095,5.7563,4.8750,-6.1781,4.4532,-3.5377,-4.2751,-3.3596
frame0096,3.4507,6.2053,-6.3782,3.2778,-3.9771,-4.7978,-5.4971
frame0097,3.8814,9.8319,-8.3731,5.3401,-4.7654,-7.6492,-7.0745
frame0098,3.5559,10.8389,-8.8965,5.4983,-3.8538,-6.6277,-4.9832
frame0099,2.7920,5.9629,-6.9329,1.8220,-2.9669,-4.5355,-5.6805
frame0100,3.1154,4.2980,-5.7803,1.6331,-2.4064,-3.9119,-4.6852
frame0101,3.8228,5.1211,-6.3622,2.5816,-2.8253,-3.8931,-4.1367
frame0102,2.9628,5.3369,-6.6165,1.6832,-3.6749,-4.7221,-6.7137
frame0103,3.0923,5.2371,-6.8264,1.5031,-3.2874,-4.8381,-6.6224
frame0104,4.7884,4.1058,-5.9705,2.9237,-3.2137,-4.5645,-4.8546
frame0105,-0.1731,10.7370,-9.0495,1.5145,-3.5792,-6.6585,-8.7232
frame0106,-2.8866,17.4827,-10.6554,3.9407,-3.5466,-6.7152,-6.3211
frame0107,1.7833,6.6927,-7.5165,0.9595,-3.6048,-5.1043,-7.7496
frame0108,2.6541,8.5184,-7.9324,3.2401,-3.6560,-5.5149,-5.9308
frame0109,0.0508,9.2977,-7.7854,1.5631,-2.5123,-5.2578,-6.2070
frame0110,3.8856,2.5850,-4.7529,1.7177,-2.2257,-3.2921,-3.8001
frame0111,3.7038,5.0172,-6.3375,2.3835,-2.4041,-4.4457,-4.4663
frame0112,4.4937,8.9276,-7.6587,5.7626,-3.5241,-5.7141,-3.4756
frame0113,4.0404,6.4786,-6.5070,4.0119,-3.3548,-4.3079,-3.6507
frame0114,3.0900,3.8842,-5.3630,1.6112,-2.5959,-3.8497,-4.8344
frame0115,1.6061,6.7491,-7.2548,1.1004,-2.6432,-4.5103,-6.0530
frame0116,5.2591,10.4328,-8.2642,7.4276,-4.0712,-5.8222,-2.4658
frame0117,6.9165,6.0183,-7.0305,5.9043,-3.3011,-4.1164,-1.5132
frame0118,3.3600,6.2719,-6.7186,2.9133,-2.6662,-4.5839,-4.3369
frame0119,6.9544,7.7889,-7.2248,7.5185,-4.4461,-5.4398,-2.3674
frame0120,6.2703,7.6170,-7.2030,6.6843,-3.6256,-5.0448,-1.9860
frame0121,2.5297,4.9411,-6.5223,0.9485,-3.0312,-4.7655,-6.8481
frame0122,3.2735,12.4480,-8.8509,6.8707,-4.7825,-6.4628,-4.3746
frame0123,5.0282,6.1711,-6.1536,5.0457,-2.6273,-3.7962,-1.3778
frame0124,4.4193,4.6525,-5.8512,3.2206,-2.4563,-3.3625,-2.5982
frame0125,4.2619,7.5202,-7.4965,4.2857,-2.7796,-4.6368,-3.1307
frame0126,5.2889,8.3226,-8.0396,5.5719,-3.5635,-6.0155,-4.0071
frame0127,7.6620,5.5697,-6.7368,6.4948,-4.2668,-5.0197,-2.7917
frame0128,4.9189,6.9963,-6.9527,4.9625,-2.6460,-4.1332,-1.8167
frame0129,4.3692,6.7393,-6.6449,4.4636,-2.2476,-4.2171,-2.0011
frame0130,5.9215,3.5677,-5.1654,4.3238,-2.3078,-3.1931,-1.1770
frame0131,4.4221,3.5053,-5.1357,2.7917,-2.2831,-3.2084,-2.6998
frame0132,4.4098,3.0649,-5.0206,2.4541,-1.7920,-3.2235,-2.5614
frame0133,4.5712,5.2900,-6.3901,3.4712,-2.3195,-3.7924,-2.6408
frame0134,3.2198,5.7160,-6.8555,2.0803,-2.8769,-4.6533,-5.4499
frame0135,3.0491,9.7602,-7.7708,5.0385,-3.7495,-5.0832,-3.7942
frame0136,5.8941,7.2953,-6.8680,6.3214,-2.9571,-3.9460,-0.5816
frame0137,5.0477,4.4529,-5.8964,3.6041,-2.6445,-3.8442,-2.8846
frame0138,2.7793,6.5977,-6.9437,2.4333,-2.2170,-4.4445,-4.2283
frame0139,2.9160,3.2608,-5.4429,0.7339,-2.2143,-3.4684,-4.9487
frame0140,3.7025,5.5815,-6.2479,3.0361,-2.2508,-3.8629,-3.0776
frame0141,4.7101,4.3003,-5.8841,3.1263,-2.5344,-3.9701,-3.3783
frame0142,5.0769,6.6407,-6.8364,4.8812,-2.5650,-4.4106,-2.0944
frame0143,2.9925,8.0848,-7.0868,3.9905,-2.6802,-4.3091,-2.9988
frame0144,5.0906,4.7079,-5.9040,3.8946,-2.8088,-3.7837,-2.6979
frame0145,2.5855,9.6055,-8.1900,4.0010,-3.0697,-4.7932,-3.8620
frame0146,4.1139,6.6381,-6.7081,4.0439,-3.6056,-4.6807,-4.2424
frame0147,5.7706,4.4239,-5.6650,4.5295,-3.4501,-4.7027,-3.6234
frame0148,5.9115,1.2894,-3.5432,3.6577,-2.3335,-2.3619,-1.0376
frame0149,4.2713,3.6491,-5.4365,2.4838,-3.2861,-4.6579,-5.4601
frame0150,4.5155,6.2649,-7.0626,3.7178,-3.1312,-4.8247,-4.2381
frame0151,7.5441,5.8419,-6.9860,6.3999,-3.9371,-5.1274,-2.6646
frame0152,4.5691,12.4641,-9.3349,7.6983,-4.7284,-6.6922,-3.7223
frame0153,4.3568,6.6115,-6.6130,4.3553,-3.9926,-4.6810,-4.3182
frame0154,6.9238,5.8423,-5.6900,7.0761,-3.6034,-4.1488,-0.6760
frame0155,4.7235,7.4273,-6.2427,5.9081,-3.6228,-4.3454,-2.0601
frame0156,5.1251,9.9436,-7.9791,7.0896,-3.7161,-4.7614,-1.3879
frame0157,4.0680,6.1172,-7.0240,3.1611,-3.1859,-5.1687,-5.1935
frame0158,2.4695,6.5761,-7.0430,2.0027,-2.3873,-4.4701,-4.8547
frame0159,2.9462,5.0798,-6.4033,1.6227,-2.4789,-4.2384,-5.0946
frame0160,3.2745,8.0826,-7.8381,3.5190,-2.5347,-5.0934,-4.1092
frame0161,4.0806,5.7865,-6.5624,3.3046,-2.9118,-4.0812,-3.6884
frame0162,4.5952,4.8347,-5.9389,3.4910,-2.8730,-4.0651,-3.4471
frame0163,4.6884,7.2423,-7.4877,4.4429,-3.6135,-4.9120,-4.0826
frame0164,-2.3605,17.4684,-11.2715,3.8365,-2.9356,-7.4199,-6.5190
frame0165,2.2255,5.2679,-6.5520,0.9415,-2.6148,-4.4916,-6.1650
frame0166,4.2310,3.8142,-5.6712,2.3740,-2.5637,-3.7563,-3.9460
frame0167,4.6590,5.8845,-6.7677,3.7758,-3.0423,-4.9245,-4.1910
frame0168,4.1042,8.2780,-8.2618,4.1204,-2.9756,-5.6627,-4.5179
frame0169,4.8740,4.8111,-6.6626,3.0225,-3.5771,-5.4769,-6.0314
frame0170,4.4246,3.2594,-5.0042,2.6798,-2.2996,-3.4006,-3.0204
frame0171,5.6688,2.3264,-4.5510,3.4442,-2.6069,-3.3500,-2.5127
frame0172,6.6119,4.7633,-6.4358,4.9394,-3.5645,-8.5382,-7.1633
frame0173,2.8736,5.1786,-6.7597,1.2925,-2.5358,-4.7939,-6.0372
frame0174,-0.3582,8.5708,-7.6126,0.6000,-2.1529,-5.1284,-6.6813
frame0175,4.3014,5.0516,-6.2486,3.1044,-2.8114,-4.5028,-4.2098
frame0176,3.3910,6.8845,-6.5804,3.6951,-3.4205,-4.6333,-4.3586
frame0177,0.3066,11.3038,-8.7762,2.8342,-3.9364,-5.6859,-6.7882
frame0178,0.4545,9.6107,-8.3292,1.7361,-4.0133,-5.8722,-8.1494
frame0179,5.2738,5.8239,-7.0578,4.0399,-3.8745,-4.8565,-4.6911
frame0180,2.1493,11.3464,-9.3861,4.1096,-3.8492,-6.3520,-6.0915
frame0181,0.2159,19.8238,-12.1022,7.9375,-5.1051,-8.2910,-5.4587
frame0182,5.1732,7.7719,-8.2050,4.7401,-3.5652,-4.9923,-3.8174
frame0183,2.2213,4.4971,-6.5500,0.1683,-2.6341,-4.3483,-6.8141
frame0184,2.1488,6.0946,-6.8451,1.3982,-2.9575,-4.9614,-6.5207
frame0185,1.2785,8.7601,-7.6921,2.3465,-3.5341,-5.7869,-6.9745
frame0186,1.7781,10.5985,-8.3790,3.9975,-3.1570,-5.7319,-4.8914
frame0187,4.7513,4.7675,-6.2854,3.2334,-2.9910,-3.8273,-3.5848
frame0188,3.9115,5.5681,-6.1705,3.3091,-3.1848,-4.3678,-4.2435
frame0189,4.2245,5.6640,-6.6538,3.2347,-3.0120,-4.1917,-3.9689
frame0190,4.8316,7.0404,-7.2456,4.6265,-3.0799,-4.8346,-3.2880
frame0191,1.4807,6.4656,-6.9248,1.0216,-2.7107,-5.0377,-6.7268
frame0192,3.5284,7.8593,-7.9308,3.4569,-3.5633,-5.3803,-5.4867
frame0193,0.1285,12.3244,-9.4896,2.9633,-3.7935,-6.6168,-7.4471
frame0194,1.4964,12.5747,-9.9836,4.0875,-3.5482,-6.3170,-5.7777
frame0195,2.7380,7.7470,-7.9292,2.5558,-3.3139,-5.8484,-6.6065
frame0196,6.1568,3.0235,-4.9918,4.1885,-3.2226,-4.1641,-3.1981
frame0197,2.6932,3.8014,-5.0570,1.4376,-3.1031,-4.2008,-5.8663
frame0198,0.0284,3.6417,-5.4578,-1.7877,-2.7747,-3.8826,-8.4450
frame0199,2.2180,5.5700,-6.3568,1.4312,-2.8374,-4.8028,-6.2091
frame0200,6.7706,3.1543,-4.7507,5.1742,-3.1006,-3.8469,-1.7733
frame0201,3.6327,6.8289,-7.2634,3.1982,-3.7767,-5.3582,-5.9367
frame0202,1.8925,10.5145,-9.2479,3.1592,-3.6954,-5.9134,-6.4497
frame0203,5.7122,7.4266,-8.1666,4.9723,-3.4963,-4.9693,-3.4933
frame0204,4.3564,10.3795,-9.1010,5.6349,-4.5369,-6.3430,-5.2450
frame0205,0.6022,11.5710,-9.1435,3.0297,-3.2677,-5.5931,-5.8311
frame0206,3.3253,8.1184,-6.7170,4.7267,-4.7723,-4.9912,-5.0368
frame0207,1.9261,2.7658,-4.4629,0.2290,-3.4557,-3.7446,-6.9713
frame0208,1.8830,3.9589,-5.5275,0.3144,-3.4560,-4.1060,-7.2477
frame0209,1.9325,7.0000,-7.2413,1.6911,-4.3144,-4.9598,-7.5831
frame0210,-0.0302,9.9311,-8.8979,1.0030,-3.6195,-6.0303,-8.6469
frame0211,1.9562,9.1369,-8.3362,2.7569,-3.8664,-5.7391,-6.8486
frame0212,6.3589,4.3878,-5.6398,5.1069,-3.8385,-4.2342,-2.9657
frame0213,4.9097,2.2625,-4.4242,2.7481,-2.7948,-3.4608,-3.5075
frame0214,2.1002,5.6975,-6.3422,1.4556,-3.3883,-4.0646,-5.9973
frame0215,-0.0485,11.6640,-8.1209,3.4945,-4.6846,-5.6831,-6.8732
frame0216,2.3128,6.0713,-6.9106,1.4735,-3.1075,-4.6151,-6.2491
frame0217,2.7011,2.9893,-5.5100,0.1804,-2.5014,-3.4104,-5.7314
frame0218,2.0756,3.0525,-5.6479,-0.5199,-2.5266,-3.3363,-6.3828
frame0219,4.6576,5.7097,-7.0290,3.3384,-2.9951,-4.4679,-4.1246
frame0220,4.4800,4.4823,-6.2208,2.7415,-2.5544,-3.7405,-3.5534
frame0221,4.1222,3.5669,-5.5503,2.1388,-2.5219,-3.8489,-4.2320
frame0222,4.3773,5.6318,-6.7874,3.2217,-2.7913,-4.1726,-3.7422
frame0223,2.0376,4.4879,-5.8694,0.6561,-2.6231,-3.7098,-5.6769
frame0224,3.0798,3.0707,-4.9589,1.1917,-2.2005,-3.2720,-4.2808
frame0225,4.0764,1.4670,-4.0549,1.4886,-2.4592,-2.9625,-3.9331
frame0226,4.0614,2.4782,-4.8456,1.6941,-2.8815,-3.8686,-5.0561
frame0227,1.9652,4.4314,-6.2867,0.1100,-2.7824,-4.7064,-7.3789
frame0228,2.3288,8.5591,-7.7055,3.1824,-3.7325,-5.4271,-5.9772
frame0229,2.0904,6.5073,-6.4559,2.1418,-3.5215,-4.3066,-5.6863
frame0230,5.3626,3.0416,-4.8918,3.5124,-2.7989,-3.1087,-2.3952
frame0231,1.4624,2.7223,-4.8895,-0.7048,-2.2067,-3.6984,-6.6099
frame0232,2.6106,3.7827,-5.8836,0.5096,-2.9230,-4.1325,-6.5458
frame0233,1.8613,7.1173,-6.9476,2.0311,-2.4870,-4.0464,-4.5022
frame0234,2.8482,6.1793,-5.8761,3.1515,-3.2062,-3.8462,-3.9010
frame0235,3.4422,3.9377,-4.9230,2.4569,-3.1361,-3.5876,-4.2669
frame0236,4.3551,3.7018,-4.4648,3.5921,-3.4504,-3.8548,-3.7131
frame0237,3.8671,3.7999,-4.8199,2.8472,-2.5121,-3.1681,-2.8330
frame0238,3.3340,2.8231,-4.9162,1.2408,-2.4472,-3.2392,-4.4456
frame0239,0.9938,9.3892,-8.2693,2.1137,-2.1414,-4.2589,-4.2867
frame0240,2.4169,11.7256,-9.2921,4.8504,-3.2162,-6.0647,-4.4305
frame0241,4.4802,5.4601,-6.6044,3.3359,-2.8434,-3.8257,-3.3333
frame0242,2.2113,6.1503,-7.0423,1.3193,-2.6274,-4.0394,-5.3475
frame0243,-0.3850,12.0672,-8.8250,2.8571,-2.9445,-5.1093,-5.1967
frame0244,3.5144,7.4678,-6.7398,4.2424,-4.2350,-5.2315,-5.2240
frame0245,4.8581,3.7952,-5.0991,3.5541,-2.8173,-3.7625,-3.0256
frame0246,4.9852,2.7931,-4.8410,2.9373,-2.5591,-3.4702,-3.0920
frame0247,3.2762,5.3909,-6.4204,2.2467,-2.6579,-4.3699,-4.7812
frame0248,2.5957,8.0784,-7.6247,3.0494,-4.0423,-5.0338,-6.0266
frame0249,0.3317,9.2662,-7.6657,1.9322,-2.8547,-4.6692,-5.5916
frame0250,0.8377,6.6873,-6.9574,0.5676,-2.8420,-4.4430,-6.7174
frame0251,3.6977,3.1048,-5.4228,1.3797,-2.6894,-3.6369,-4.9465
frame0252,3.7126,3.5403,-5.3368,1.9161,-2.2957,-3.1409,-3.5205
frame0253,2.1178,3.9586,-5.2129,0.8635,-3.1492,-4.0027,-6.2884
frame0254,1.4582,6.4306,-6.6428,1.2459,-3.7952,-5.2703,-7.8196
frame0255,2.3087,7.6227,-7.6735,2.2578,-3.4248,-5.8168,-6.9838
frame0256,1.5505,8.9208,-8.4309,2.0404,-3.2533,-6.4658,-7.6786
frame0257,2.9534,3.6633,-5.5458,1.0709,-1.8744,-4.0303,-4.8338
frame0258,5.0355,1.5251,-3.5566,3.0039,-2.0619,-2.5317,-1.5897
frame0259,5.2251,1.3681,-3.3626,3.2306,-2.4221,-2.6473,-1.8388
frame0260,6.6884,3.9770,-5.4676,5.1977,-2.9049,-3.8812,-1.5884
frame0261,3.9983,5.2439,-6.3670,2.8752,-3.1852,-4.9018,-5.2118
frame0262,3.2288,7.0975,-7.3842,2.9422,-2.9639,-4.8273,-4.8490
frame0263,1.7770,9.0904,-8.1658,2.7016,-3.9093,-5.8916,-7.0992
frame0264,-0.1195,14.9091,-10.5775,4.2122,-3.3906,-6.6212,-5.7997
frame0265,2.2135,5.0576,-6.9905,0.2806,-3.0890,-4.9725,-7.7809
frame0266,3.5425,3.8604,-5.9180,1.4849,-2.9044,-4.2306,-5.6501
frame0267,7.7821,4.4103,-5.9386,6.2538,-3.7196,-3.9424,-1.4082
frame0268,2.7149,7.2371,-7.7025,2.2494,-3.2228,-5.4620,-6.4354
frame0269,4.2089,5.5208,-6.7722,2.9574,-2.5437,-4.5186,-4.1049
frame0270,2.6676,5.9963,-6.9485,1.7153,-3.2389,-5.2542,-6.7778
frame0271,4.1116,4.8853,-6.1767,2.8203,-3.8209,-5.2006,-6.2013
frame0272,4.2162,4.6802,-5.9678,2.9286,-3.5176,-4.6498,-5.2389
frame0273,4.2241,4.4786,-5.6536,3.0490,-3.1154,-4.0275,-4.0938
frame0274,2.4013,5.7189,-6.7115,1.4086,-2.3126,-4.7119,-5.6160
frame0275,1.7052,4.1917,-5.9787,-0.0818,-2.2521,-4.1637,-6.4975
frame0276,3.1165,4.0576,-5.4788,1.6953,-2.2547,-3.8122,-4.3716
frame0277,5.8482,1.3595,-3.6349,3.5728,-2.0359,-2.2972,-0.7603
frame0278,4.2991,3.0953,-4.7103,2.6841,-1.7563,-2.4771,-1.5494
frame0279,3.2765,2.8315,-4.5569,1.5511,-1.6908,-2.4882,-2.6279
frame0280,3.6713,3.0971,-5.3270,1.4414,-2.0127,-3.5661,-4.1373
frame0281,0.8309,8.9262,-8.2809,1.4762,-2.3772,-5.0497,-5.9507
frame0282,2.1926,8.1874,-7.5717,2.8084,-2.7336,-5.4647,-5.3899
frame0283,5.7412,3.8715,-5.6462,3.9666,-3.4120,-3.9300,-3.3754
frame0284,3.5953,4.7116,-6.1737,2.1332,-3.1017,-4.5145,-5.4830
frame0285,2.0599,6.5825,-7.0986,1.5438,-2.5905,-5.1141,-6.1607
frame0286,3.1502,6.2478,-7.1155,2.2825,-2.9221,-4.8888,-5.5284
frame0287,2.1810,6.5437,-6.8673,1.8573,-2.4458,-4.4780,-5.0665
frame0288,-1.2519,9.4320,-8.3934,-0.2133,-2.5013,-5.8796,-8.5941
frame0289,1.1056,10.3862,-8.6975,2.7943,-2.7914,-4.8124,-4.8094
frame0290,1.2380,4.3730,-5.7338,-0.1228,-2.1559,-3.5825,-5.8612
frame0291,1.8580,4.6856,-6.4255,0.1181,-3.5159,-4.4569,-7.8547
frame0292,0.9955,8.3162,-8.0116,1.3001,-3.9942,-5.6159,-8.3101
frame0293,1.2186,7.2960,-6.9963,1.5183,-2.9620,-4.6723,-6.1159
frame0294,2.5613,4.5462,-5.7619,1.3456,-3.0790,-3.9080,-5.6414
frame0295,1.1503,8.6423,-8.0371,1.7555,-3.4366,-5.3552,-7.0363
frame0296,1.0331,7.4069,-7.8788,0.5611,-2.7357,-5.1895,-7.3641
frame0297,1.5163,8.1475,-8.0850,1.5789,-2.8848,-5.2633,-6.5693
frame0298,1.3062,6.3321,-7.3034,0.3349,-2.7233,-4.9005,-7.2889
frame0299,0.0879,5.9279,-6.8875,-0.8717,-2.7195,-4.8467,-8.4379
